TRUNCATE TABLE event_rsvps             RESTART IDENTITY CASCADE;
TRUNCATE TABLE appointments            RESTART IDENTITY CASCADE;
TRUNCATE TABLE events                  RESTART IDENTITY CASCADE;
TRUNCATE TABLE questionnaire_responses RESTART IDENTITY CASCADE;
TRUNCATE TABLE students                RESTART IDENTITY CASCADE;
TRUNCATE TABLE semester_schedule       RESTART IDENTITY CASCADE;
TRUNCATE TABLE users                   RESTART IDENTITY CASCADE;

INSERT INTO semester_schedule
    (semester, start_date, end_date, is_current, stats_compiled, notification_pending)
VALUES
    ('Summer 2025', '2025-05-01', '2025-08-31', FALSE, TRUE,  FALSE),
    ('Fall 2025',   '2025-09-01', '2025-12-31', FALSE, TRUE,  FALSE),
    ('Spring 2026', '2026-01-01', '2026-04-30', TRUE,  FALSE, FALSE),
    ('Summer 2026', '2026-05-01', '2026-08-31', FALSE, FALSE, FALSE),
    ('Fall 2026',   '2026-09-01', '2026-12-31', FALSE, FALSE, FALSE),
    ('Spring 2027', '2027-01-01', '2027-04-30', FALSE, FALSE, FALSE),
    ('Summer 2027', '2027-05-01', '2027-08-31', FALSE, FALSE, FALSE),
    ('Fall 2027',   '2027-09-01', '2027-12-31', FALSE, FALSE, FALSE);

INSERT INTO semester_stats
    (semester, total, stable, challenged, critical, at_risk_pct, compiled_at)
VALUES
    ('Summer 2025', 30, 14, 12, 4,  53.33, '2025-09-01 00:01:00'),
    ('Fall 2025',   40, 10, 18, 12, 75.00, '2026-01-01 00:01:00');

INSERT INTO users (role, full_name, email, password) VALUES
    ('admin_it', 'Rafiq Ahmed',    'rafiq.ahmed@baymax.edu',    'pbkdf2_sha256$1200000$hbKnUkdIRXYgPCToLGT3Jg$8A5c8vO43lJBjf3qd5Tan7vZi5mPNdQC7sPJDO71lH0='),
    ('admin_it', 'Nasrin Sultana', 'nasrin.sultana@baymax.edu', 'pbkdf2_sha256$1200000$hbKnUkdIRXYgPCToLGT3Jg$8A5c8vO43lJBjf3qd5Tan7vZi5mPNdQC7sPJDO71lH0='),
    ('admin_it', 'Tariq Hossain',  'tariq.hossain@baymax.edu',  'pbkdf2_sha256$1200000$hbKnUkdIRXYgPCToLGT3Jg$8A5c8vO43lJBjf3qd5Tan7vZi5mPNdQC7sPJDO71lH0='),
    ('admin_it', 'Dilruba Khanam', 'dilruba.khanam@baymax.edu', 'pbkdf2_sha256$1200000$hbKnUkdIRXYgPCToLGT3Jg$8A5c8vO43lJBjf3qd5Tan7vZi5mPNdQC7sPJDO71lH0='),
    ('admin_it', 'Zahirul Islam',  'zahirul.islam@baymax.edu',  'pbkdf2_sha256$1200000$hbKnUkdIRXYgPCToLGT3Jg$8A5c8vO43lJBjf3qd5Tan7vZi5mPNdQC7sPJDO71lH0='),
    ('admin_it', 'Sabina Yasmin',  'sabina.yasmin@baymax.edu',  'pbkdf2_sha256$1200000$hbKnUkdIRXYgPCToLGT3Jg$8A5c8vO43lJBjf3qd5Tan7vZi5mPNdQC7sPJDO71lH0='),
    ('admin_it', 'Mizanur Rahman', 'mizanur.rahman@baymax.edu', 'pbkdf2_sha256$1200000$hbKnUkdIRXYgPCToLGT3Jg$8A5c8vO43lJBjf3qd5Tan7vZi5mPNdQC7sPJDO71lH0='),
    ('admin_it', 'Farhana Begum',  'farhana.begum@baymax.edu',  'pbkdf2_sha256$1200000$hbKnUkdIRXYgPCToLGT3Jg$8A5c8vO43lJBjf3qd5Tan7vZi5mPNdQC7sPJDO71lH0='),
    ('admin_it', 'Shafiqul Alam',  'shafiqul.alam@baymax.edu',  'pbkdf2_sha256$1200000$hbKnUkdIRXYgPCToLGT3Jg$8A5c8vO43lJBjf3qd5Tan7vZi5mPNdQC7sPJDO71lH0='),
    ('admin_it', 'Monira Parvin',  'monira.parvin@baymax.edu',  'pbkdf2_sha256$1200000$hbKnUkdIRXYgPCToLGT3Jg$8A5c8vO43lJBjf3qd5Tan7vZi5mPNdQC7sPJDO71lH0='),
    ('authority', 'Prof. Anwarul Kabir',   'anwarul.kabir@baymax.edu',   'pbkdf2_sha256$1200000$hbKnUkdIRXYgPCToLGT3Jg$8A5c8vO43lJBjf3qd5Tan7vZi5mPNdQC7sPJDO71lH0='),
    ('authority', 'Dr. Shahida Khatun',   'shahida.khatun@baymax.edu',  'pbkdf2_sha256$1200000$hbKnUkdIRXYgPCToLGT3Jg$8A5c8vO43lJBjf3qd5Tan7vZi5mPNdQC7sPJDO71lH0='),
    ('authority', 'Prof. Nurul Haque',    'nurul.haque@baymax.edu',     'pbkdf2_sha256$1200000$hbKnUkdIRXYgPCToLGT3Jg$8A5c8vO43lJBjf3qd5Tan7vZi5mPNdQC7sPJDO71lH0='),
    ('authority', 'Dr. Fatema Tuz Zahra', 'fatema.zahra@baymax.edu',    'pbkdf2_sha256$1200000$hbKnUkdIRXYgPCToLGT3Jg$8A5c8vO43lJBjf3qd5Tan7vZi5mPNdQC7sPJDO71lH0='),
    ('authority', 'Prof. Rezaul Karim',   'rezaul.karim@baymax.edu',    'pbkdf2_sha256$1200000$hbKnUkdIRXYgPCToLGT3Jg$8A5c8vO43lJBjf3qd5Tan7vZi5mPNdQC7sPJDO71lH0='),
    ('authority', 'Dr. Shamima Akter',    'shamima.akter@baymax.edu',   'pbkdf2_sha256$1200000$hbKnUkdIRXYgPCToLGT3Jg$8A5c8vO43lJBjf3qd5Tan7vZi5mPNdQC7sPJDO71lH0='),
    ('authority', 'Prof. Abul Bashar',    'abul.bashar@baymax.edu',     'pbkdf2_sha256$1200000$hbKnUkdIRXYgPCToLGT3Jg$8A5c8vO43lJBjf3qd5Tan7vZi5mPNdQC7sPJDO71lH0='),
    ('authority', 'Dr. Hosne Ara Begum',  'hosne.ara@baymax.edu',       'pbkdf2_sha256$1200000$hbKnUkdIRXYgPCToLGT3Jg$8A5c8vO43lJBjf3qd5Tan7vZi5mPNdQC7sPJDO71lH0='),
    ('authority', 'Prof. Kamrul Hassan',  'kamrul.hassan@baymax.edu',   'pbkdf2_sha256$1200000$hbKnUkdIRXYgPCToLGT3Jg$8A5c8vO43lJBjf3qd5Tan7vZi5mPNdQC7sPJDO71lH0='),
    ('authority', 'Dr. Nazmun Nahar',     'nazmun.nahar@baymax.edu',    'pbkdf2_sha256$1200000$hbKnUkdIRXYgPCToLGT3Jg$8A5c8vO43lJBjf3qd5Tan7vZi5mPNdQC7sPJDO71lH0='),
    ('professional', 'Dr. Nadia Islam',      'nadia.islam@baymax.edu',      'pbkdf2_sha256$1200000$hbKnUkdIRXYgPCToLGT3Jg$8A5c8vO43lJBjf3qd5Tan7vZi5mPNdQC7sPJDO71lH0='),
    ('professional', 'Dr. Farhan Chowdhury', 'farhan.chowdhury@baymax.edu', 'pbkdf2_sha256$1200000$hbKnUkdIRXYgPCToLGT3Jg$8A5c8vO43lJBjf3qd5Tan7vZi5mPNdQC7sPJDO71lH0='),
    ('professional', 'Dr. Sadia Mahmud',     'sadia.mahmud@baymax.edu',     'pbkdf2_sha256$1200000$hbKnUkdIRXYgPCToLGT3Jg$8A5c8vO43lJBjf3qd5Tan7vZi5mPNdQC7sPJDO71lH0='),
    ('professional', 'Dr. Imran Hossain',    'imran.hossain@baymax.edu',    'pbkdf2_sha256$1200000$hbKnUkdIRXYgPCToLGT3Jg$8A5c8vO43lJBjf3qd5Tan7vZi5mPNdQC7sPJDO71lH0='),
    ('professional', 'Dr. Lubna Ferdous',    'lubna.ferdous@baymax.edu',    'pbkdf2_sha256$1200000$hbKnUkdIRXYgPCToLGT3Jg$8A5c8vO43lJBjf3qd5Tan7vZi5mPNdQC7sPJDO71lH0='),
    ('professional', 'Dr. Asif Rahman',      'asif.rahman@baymax.edu',      'pbkdf2_sha256$1200000$hbKnUkdIRXYgPCToLGT3Jg$8A5c8vO43lJBjf3qd5Tan7vZi5mPNdQC7sPJDO71lH0='),
    ('professional', 'Dr. Tanzina Akter',    'tanzina.akter@baymax.edu',    'pbkdf2_sha256$1200000$hbKnUkdIRXYgPCToLGT3Jg$8A5c8vO43lJBjf3qd5Tan7vZi5mPNdQC7sPJDO71lH0='),
    ('professional', 'Dr. Mahbub Alam',      'mahbub.alam@baymax.edu',      'pbkdf2_sha256$1200000$hbKnUkdIRXYgPCToLGT3Jg$8A5c8vO43lJBjf3qd5Tan7vZi5mPNdQC7sPJDO71lH0='),
    ('professional', 'Dr. Sharmin Sultana',  'sharmin.sultana@baymax.edu',  'pbkdf2_sha256$1200000$hbKnUkdIRXYgPCToLGT3Jg$8A5c8vO43lJBjf3qd5Tan7vZi5mPNdQC7sPJDO71lH0='),
    ('professional', 'Dr. Khalid Hasan',     'khalid.hasan@baymax.edu',     'pbkdf2_sha256$1200000$hbKnUkdIRXYgPCToLGT3Jg$8A5c8vO43lJBjf3qd5Tan7vZi5mPNdQC7sPJDO71lH0='),
    ('student', 'Anika Rahman',      'anika.rahman@student.baymax.edu',      'pbkdf2_sha256$1200000$loFgDjkrr6JXyVx5643MbL$a5mevsS4lyOb6mMcvk2uZY0l/yJWcv1xh7OUbaHTKRo='),
    ('student', 'Sabbir Hossain',    'sabbir.hossain@student.baymax.edu',    'pbkdf2_sha256$1200000$loFgDjkrr6JXyVx5643MbL$a5mevsS4lyOb6mMcvk2uZY0l/yJWcv1xh7OUbaHTKRo='),
    ('student', 'Maliha Chowdhury',  'maliha.chowdhury@student.baymax.edu',  'pbkdf2_sha256$1200000$loFgDjkrr6JXyVx5643MbL$a5mevsS4lyOb6mMcvk2uZY0l/yJWcv1xh7OUbaHTKRo='),
    ('student', 'Tanvir Ahmed',      'tanvir.ahmed@student.baymax.edu',      'pbkdf2_sha256$1200000$loFgDjkrr6JXyVx5643MbL$a5mevsS4lyOb6mMcvk2uZY0l/yJWcv1xh7OUbaHTKRo='),
    ('student', 'Nusrat Jahan',      'nusrat.jahan@student.baymax.edu',      'pbkdf2_sha256$1200000$loFgDjkrr6JXyVx5643MbL$a5mevsS4lyOb6mMcvk2uZY0l/yJWcv1xh7OUbaHTKRo='),
    ('student', 'Rakibul Islam',     'rakibul.islam@student.baymax.edu',     'pbkdf2_sha256$1200000$loFgDjkrr6JXyVx5643MbL$a5mevsS4lyOb6mMcvk2uZY0l/yJWcv1xh7OUbaHTKRo='),
    ('student', 'Fariha Tasnim',     'fariha.tasnim@student.baymax.edu',     'pbkdf2_sha256$1200000$loFgDjkrr6JXyVx5643MbL$a5mevsS4lyOb6mMcvk2uZY0l/yJWcv1xh7OUbaHTKRo='),
    ('student', 'Mehedi Hasan',      'mehedi.hasan@student.baymax.edu',      'pbkdf2_sha256$1200000$loFgDjkrr6JXyVx5643MbL$a5mevsS4lyOb6mMcvk2uZY0l/yJWcv1xh7OUbaHTKRo='),
    ('student', 'Sumaiya Akter',     'sumaiya.akter@student.baymax.edu',     'pbkdf2_sha256$1200000$loFgDjkrr6JXyVx5643MbL$a5mevsS4lyOb6mMcvk2uZY0l/yJWcv1xh7OUbaHTKRo='),
    ('student', 'Imtiaz Karim',      'imtiaz.karim@student.baymax.edu',      'pbkdf2_sha256$1200000$loFgDjkrr6JXyVx5643MbL$a5mevsS4lyOb6mMcvk2uZY0l/yJWcv1xh7OUbaHTKRo='),
    ('student', 'Tahmina Begum',     'tahmina.begum@student.baymax.edu',     'pbkdf2_sha256$1200000$loFgDjkrr6JXyVx5643MbL$a5mevsS4lyOb6mMcvk2uZY0l/yJWcv1xh7OUbaHTKRo='),
    ('student', 'Shahriar Alam',     'shahriar.alam@student.baymax.edu',     'pbkdf2_sha256$1200000$loFgDjkrr6JXyVx5643MbL$a5mevsS4lyOb6mMcvk2uZY0l/yJWcv1xh7OUbaHTKRo='),
    ('student', 'Razia Sultana',     'razia.sultana@student.baymax.edu',     'pbkdf2_sha256$1200000$loFgDjkrr6JXyVx5643MbL$a5mevsS4lyOb6mMcvk2uZY0l/yJWcv1xh7OUbaHTKRo='),
    ('student', 'Arif Billah',       'arif.billah@student.baymax.edu',       'pbkdf2_sha256$1200000$loFgDjkrr6JXyVx5643MbL$a5mevsS4lyOb6mMcvk2uZY0l/yJWcv1xh7OUbaHTKRo='),
    ('student', 'Shirin Akter',      'shirin.akter@student.baymax.edu',      'pbkdf2_sha256$1200000$loFgDjkrr6JXyVx5643MbL$a5mevsS4lyOb6mMcvk2uZY0l/yJWcv1xh7OUbaHTKRo='),
    ('student', 'Nazmul Haque',      'nazmul.haque@student.baymax.edu',      'pbkdf2_sha256$1200000$loFgDjkrr6JXyVx5643MbL$a5mevsS4lyOb6mMcvk2uZY0l/yJWcv1xh7OUbaHTKRo='),
    ('student', 'Israt Jahan',       'israt.jahan@student.baymax.edu',       'pbkdf2_sha256$1200000$loFgDjkrr6JXyVx5643MbL$a5mevsS4lyOb6mMcvk2uZY0l/yJWcv1xh7OUbaHTKRo='),
    ('student', 'Mahmudul Hassan',   'mahmudul.hassan@student.baymax.edu',   'pbkdf2_sha256$1200000$loFgDjkrr6JXyVx5643MbL$a5mevsS4lyOb6mMcvk2uZY0l/yJWcv1xh7OUbaHTKRo='),
    ('student', 'Sanjida Akhter',    'sanjida.akhter@student.baymax.edu',    'pbkdf2_sha256$1200000$loFgDjkrr6JXyVx5643MbL$a5mevsS4lyOb6mMcvk2uZY0l/yJWcv1xh7OUbaHTKRo='),
    ('student', 'Morshedul Alam',    'morshedul.alam@student.baymax.edu',    'pbkdf2_sha256$1200000$loFgDjkrr6JXyVx5643MbL$a5mevsS4lyOb6mMcvk2uZY0l/yJWcv1xh7OUbaHTKRo='),
    ('student', 'Afrina Khanam',     'afrina.khanam@student.baymax.edu',     'pbkdf2_sha256$1200000$loFgDjkrr6JXyVx5643MbL$a5mevsS4lyOb6mMcvk2uZY0l/yJWcv1xh7OUbaHTKRo='),
    ('student', 'Ziaur Rahman',      'ziaur.rahman@student.baymax.edu',      'pbkdf2_sha256$1200000$loFgDjkrr6JXyVx5643MbL$a5mevsS4lyOb6mMcvk2uZY0l/yJWcv1xh7OUbaHTKRo='),
    ('student', 'Tania Islam',       'tania.islam@student.baymax.edu',       'pbkdf2_sha256$1200000$loFgDjkrr6JXyVx5643MbL$a5mevsS4lyOb6mMcvk2uZY0l/yJWcv1xh7OUbaHTKRo='),
    ('student', 'Zahid Hasan',       'zahid.hasan@student.baymax.edu',       'pbkdf2_sha256$1200000$loFgDjkrr6JXyVx5643MbL$a5mevsS4lyOb6mMcvk2uZY0l/yJWcv1xh7OUbaHTKRo='),
    ('student', 'Rumana Akter',      'rumana.akter@student.baymax.edu',      'pbkdf2_sha256$1200000$loFgDjkrr6JXyVx5643MbL$a5mevsS4lyOb6mMcvk2uZY0l/yJWcv1xh7OUbaHTKRo='),
    ('student', 'Shakib Al Hasan',   'shakib.hasan@student.baymax.edu',      'pbkdf2_sha256$1200000$loFgDjkrr6JXyVx5643MbL$a5mevsS4lyOb6mMcvk2uZY0l/yJWcv1xh7OUbaHTKRo='),
    ('student', 'Parisa Nawaz',      'parisa.nawaz@student.baymax.edu',      'pbkdf2_sha256$1200000$loFgDjkrr6JXyVx5643MbL$a5mevsS4lyOb6mMcvk2uZY0l/yJWcv1xh7OUbaHTKRo='),
    ('student', 'Rubel Miah',        'rubel.miah@student.baymax.edu',        'pbkdf2_sha256$1200000$loFgDjkrr6JXyVx5643MbL$a5mevsS4lyOb6mMcvk2uZY0l/yJWcv1xh7OUbaHTKRo='),
    ('student', 'Nasima Khatun',     'nasima.khatun@student.baymax.edu',     'pbkdf2_sha256$1200000$loFgDjkrr6JXyVx5643MbL$a5mevsS4lyOb6mMcvk2uZY0l/yJWcv1xh7OUbaHTKRo='),
    ('student', 'Jahidul Islam',     'jahidul.islam@student.baymax.edu',     'pbkdf2_sha256$1200000$loFgDjkrr6JXyVx5643MbL$a5mevsS4lyOb6mMcvk2uZY0l/yJWcv1xh7OUbaHTKRo='),
    ('student', 'Afsana Mimi',       'afsana.mimi@student.baymax.edu',       'pbkdf2_sha256$1200000$loFgDjkrr6JXyVx5643MbL$a5mevsS4lyOb6mMcvk2uZY0l/yJWcv1xh7OUbaHTKRo='),
    ('student', 'Sohel Rana',        'sohel.rana@student.baymax.edu',        'pbkdf2_sha256$1200000$loFgDjkrr6JXyVx5643MbL$a5mevsS4lyOb6mMcvk2uZY0l/yJWcv1xh7OUbaHTKRo='),
    ('student', 'Mahmuda Sultana',   'mahmuda.sultana@student.baymax.edu',   'pbkdf2_sha256$1200000$loFgDjkrr6JXyVx5643MbL$a5mevsS4lyOb6mMcvk2uZY0l/yJWcv1xh7OUbaHTKRo='),
    ('student', 'Kamrul Hasan',      'kamrul.hasan.s@student.baymax.edu',    'pbkdf2_sha256$1200000$loFgDjkrr6JXyVx5643MbL$a5mevsS4lyOb6mMcvk2uZY0l/yJWcv1xh7OUbaHTKRo='),
    ('student', 'Shanta Rani Das',   'shanta.das@student.baymax.edu',        'pbkdf2_sha256$1200000$loFgDjkrr6JXyVx5643MbL$a5mevsS4lyOb6mMcvk2uZY0l/yJWcv1xh7OUbaHTKRo='),
    ('student', 'Mizan Uddin',       'mizan.uddin@student.baymax.edu',       'pbkdf2_sha256$1200000$loFgDjkrr6JXyVx5643MbL$a5mevsS4lyOb6mMcvk2uZY0l/yJWcv1xh7OUbaHTKRo='),
    ('student', 'Roksana Parvin',    'roksana.parvin@student.baymax.edu',    'pbkdf2_sha256$1200000$loFgDjkrr6JXyVx5643MbL$a5mevsS4lyOb6mMcvk2uZY0l/yJWcv1xh7OUbaHTKRo='),
    ('student', 'Masum Billah',      'masum.billah@student.baymax.edu',      'pbkdf2_sha256$1200000$loFgDjkrr6JXyVx5643MbL$a5mevsS4lyOb6mMcvk2uZY0l/yJWcv1xh7OUbaHTKRo='),
    ('student', 'Nazneen Akhter',    'nazneen.akhter@student.baymax.edu',    'pbkdf2_sha256$1200000$loFgDjkrr6JXyVx5643MbL$a5mevsS4lyOb6mMcvk2uZY0l/yJWcv1xh7OUbaHTKRo='),
    ('student', 'Borhan Uddin',      'borhan.uddin@student.baymax.edu',      'pbkdf2_sha256$1200000$loFgDjkrr6JXyVx5643MbL$a5mevsS4lyOb6mMcvk2uZY0l/yJWcv1xh7OUbaHTKRo='),
    ('student', 'Sumaiya Binte Ali', 'sumaiya.ali@student.baymax.edu',       'pbkdf2_sha256$1200000$loFgDjkrr6JXyVx5643MbL$a5mevsS4lyOb6mMcvk2uZY0l/yJWcv1xh7OUbaHTKRo='),
    ('student', 'Fahim Faysal',      'fahim.faysal@student.baymax.edu',      'pbkdf2_sha256$1200000$loFgDjkrr6JXyVx5643MbL$a5mevsS4lyOb6mMcvk2uZY0l/yJWcv1xh7OUbaHTKRo='),
    ('student', 'Dilnoza Khanam',    'dilnoza.khanam@student.baymax.edu',    'pbkdf2_sha256$1200000$loFgDjkrr6JXyVx5643MbL$a5mevsS4lyOb6mMcvk2uZY0l/yJWcv1xh7OUbaHTKRo='),
    ('student', 'Raihan Kabir',      'raihan.kabir@student.baymax.edu',      'pbkdf2_sha256$1200000$loFgDjkrr6JXyVx5643MbL$a5mevsS4lyOb6mMcvk2uZY0l/yJWcv1xh7OUbaHTKRo='),
    ('student', 'Salma Begum',       'salma.begum@student.baymax.edu',       'pbkdf2_sha256$1200000$loFgDjkrr6JXyVx5643MbL$a5mevsS4lyOb6mMcvk2uZY0l/yJWcv1xh7OUbaHTKRo='),
    ('student', 'Shipon Mia',        'shipon.mia@student.baymax.edu',        'pbkdf2_sha256$1200000$loFgDjkrr6JXyVx5643MbL$a5mevsS4lyOb6mMcvk2uZY0l/yJWcv1xh7OUbaHTKRo='),
    ('student', 'Nahar Banu',        'nahar.banu@student.baymax.edu',        'pbkdf2_sha256$1200000$loFgDjkrr6JXyVx5643MbL$a5mevsS4lyOb6mMcvk2uZY0l/yJWcv1xh7OUbaHTKRo='),
    ('student', 'Faruk Hossain',     'faruk.hossain@student.baymax.edu',     'pbkdf2_sha256$1200000$loFgDjkrr6JXyVx5643MbL$a5mevsS4lyOb6mMcvk2uZY0l/yJWcv1xh7OUbaHTKRo='),
    ('student', 'Taslima Khatun',    'taslima.khatun@student.baymax.edu',    'pbkdf2_sha256$1200000$loFgDjkrr6JXyVx5643MbL$a5mevsS4lyOb6mMcvk2uZY0l/yJWcv1xh7OUbaHTKRo='),
    ('student', 'Mizanur Hoque',     'mizanur.hoque@student.baymax.edu',     'pbkdf2_sha256$1200000$loFgDjkrr6JXyVx5643MbL$a5mevsS4lyOb6mMcvk2uZY0l/yJWcv1xh7OUbaHTKRo=');

INSERT INTO students (user_id, student_id, department) VALUES
    (31, '2021-1-60-001', 'CSE'),
    (32, '2021-1-60-002', 'CSE'),
    (33, '2022-1-60-003', 'CSE'),
    (34, '2022-1-60-004', 'CSE'),
    (35, '2020-1-60-005', 'CSE'),
    (36, '2023-1-60-006', 'CSE'),
    (37, '2023-1-60-007', 'CSE'),
    (38, '2021-1-60-008', 'CSE'),
    (39, '2022-1-60-009', 'CSE'),
    (40, '2020-1-60-010', 'CSE'),
    (41, '2021-1-40-001', 'EEE'),
    (42, '2022-1-40-002', 'EEE'),
    (43, '2021-1-40-003', 'EEE'),
    (44, '2023-1-40-004', 'EEE'),
    (45, '2020-1-40-005', 'EEE'),
    (46, '2022-1-40-006', 'EEE'),
    (47, '2023-1-40-007', 'EEE'),
    (48, '2021-1-40-008', 'EEE'),
    (49, '2021-2-10-001', 'BBA'),
    (50, '2022-2-10-002', 'BBA'),
    (51, '2021-2-10-003', 'BBA'),
    (52, '2020-2-10-004', 'BBA'),
    (53, '2023-2-10-005', 'BBA'),
    (54, '2022-2-10-006', 'BBA'),
    (55, '2021-2-10-007', 'BBA'),
    (56, '2023-2-10-008', 'BBA'),
    (57, '2022-3-20-001', 'ENG'),
    (58, '2021-3-20-002', 'ENG'),
    (59, '2023-3-20-003', 'ENG'),
    (60, '2020-3-20-004', 'ENG'),
    (61, '2022-3-20-005', 'ENG'),
    (62, '2021-3-20-006', 'ENG'),
    (63, '2023-3-20-007', 'ENG'),
    (64, '2022-4-30-001', 'ECO'),
    (65, '2021-4-30-002', 'ECO'),
    (66, '2023-4-30-003', 'ECO'),
    (67, '2022-4-30-004', 'ECO'),
    (68, '2020-4-30-005', 'ECO'),
    (69, '2021-5-50-001', 'ECO'),
    (70, '2022-5-50-002', 'ECO'),
    (71, '2023-5-50-003', 'CSE'),
    (72, '2021-5-50-004', 'CSE'),
    (73, '2022-6-70-001', 'BBA'),
    (74, '2021-6-70-002', 'ENG'),
    (75, '2023-6-70-003', 'ENG'),
    (76, '2022-7-80-001', 'EEE'),
    (77, '2021-7-80-002', 'EEE'),
    (78, '2020-7-80-003', 'EEE'),
    (79, '2022-8-90-001', 'BBA'),
    (80, '2021-8-90-002', 'BBA');

INSERT INTO questionnaire_responses
    (student_id,semester,pss1,pss2,pss3,pss4,pss5,pss6,pss7,pss8,pss9,pss10,
     gad1,gad2,gad3,gad4,gad5,gad6,gad7,phq1,phq2,phq3,phq4,phq5,phq6,phq7,phq8,phq9,
     final_status)
VALUES
(31,'Spring 2026',1,0,1,0,3,3,3,2,1,0,1,0,1,0,0,0,0,0,0,1,1,0,0,0,0,0,'Stable'),
(32,'Spring 2026',0,1,1,0,4,4,3,3,0,1,0,0,0,1,0,0,0,0,0,0,1,0,0,0,0,0,'Stable'),
(33,'Spring 2026',1,1,1,1,3,3,3,3,1,1,1,1,0,0,1,0,0,1,0,0,0,1,0,0,0,0,'Stable'),
(35,'Spring 2026',0,0,1,0,4,3,4,3,0,0,0,0,1,0,0,0,0,0,0,1,0,0,0,1,0,0,'Stable'),
(37,'Spring 2026',1,0,0,1,3,4,3,4,0,1,0,1,0,0,0,1,0,0,0,0,0,0,0,0,0,0,'Stable'),
(41,'Spring 2026',1,1,0,0,4,3,3,3,1,0,1,0,0,0,0,0,0,0,0,1,0,0,0,0,0,0,'Stable'),
(43,'Spring 2026',0,1,1,0,4,4,4,3,0,0,0,0,0,0,1,0,0,0,1,0,0,0,0,0,0,0,'Stable'),
(49,'Spring 2026',1,0,1,1,3,3,4,3,0,1,0,0,1,1,0,0,0,1,0,0,1,0,0,0,0,0,'Stable'),
(57,'Spring 2026',0,0,0,0,4,4,3,4,0,0,0,0,0,0,0,1,0,0,0,0,0,1,0,0,0,0,'Stable'),
(69,'Spring 2026',1,0,1,0,3,4,3,4,1,0,1,0,0,0,0,0,0,0,0,1,0,0,0,0,0,0,'Stable'),
(34,'Spring 2026',2,2,3,2,2,1,2,1,2,3,2,1,2,1,2,1,1,1,1,2,2,1,1,1,1,0,'Challenged'),
(36,'Spring 2026',3,2,2,2,1,2,1,2,2,2,1,2,1,2,1,1,1,2,1,1,2,1,1,1,1,0,'Challenged'),
(38,'Spring 2026',2,3,2,3,2,1,2,2,2,2,2,2,1,1,2,1,0,1,2,2,1,1,1,2,1,0,'Challenged'),
(39,'Spring 2026',2,2,2,2,2,1,1,2,3,2,1,1,2,2,1,1,2,2,1,1,2,2,1,1,1,0,'Challenged'),
(40,'Spring 2026',3,3,3,2,1,2,2,1,2,3,2,1,2,1,2,0,1,1,2,1,2,1,1,1,2,0,'Challenged'),
(42,'Spring 2026',2,2,3,2,2,2,2,2,2,2,2,2,1,2,1,1,1,1,1,2,2,1,1,1,1,0,'Challenged'),
(44,'Spring 2026',2,3,2,2,1,2,2,1,3,2,2,1,2,2,1,1,1,2,2,1,1,2,1,1,0,0,'Challenged'),
(45,'Spring 2026',3,2,3,2,2,1,2,2,2,3,1,2,2,1,2,1,1,1,1,2,2,1,1,2,1,0,'Challenged'),
(46,'Spring 2026',2,2,2,3,2,2,2,1,2,2,2,2,1,1,2,2,1,2,1,1,1,2,2,1,1,0,'Challenged'),
(47,'Spring 2026',3,2,3,3,1,1,2,2,2,2,2,2,2,1,1,1,1,1,2,2,2,1,1,1,0,0,'Challenged'),
(50,'Spring 2026',2,3,3,2,2,2,1,2,2,3,2,1,2,2,2,1,1,2,2,1,2,1,2,1,1,0,'Challenged'),
(51,'Spring 2026',3,2,2,3,1,2,2,1,3,2,1,2,2,2,1,1,1,1,1,2,2,2,1,1,1,0,'Challenged'),
(53,'Spring 2026',2,2,3,2,2,1,2,2,2,2,2,1,2,1,2,1,1,2,1,2,1,1,1,2,2,0,'Challenged'),
(55,'Spring 2026',2,3,2,2,2,2,2,1,2,3,1,2,1,2,2,1,1,2,1,1,2,1,2,1,0,0,'Challenged'),
(58,'Spring 2026',3,2,3,2,2,1,2,2,2,2,2,2,1,2,1,1,1,1,1,2,2,2,1,1,1,0,'Challenged'),
(59,'Spring 2026',2,2,2,3,2,1,1,2,3,2,2,1,2,1,2,2,1,2,2,1,1,2,1,2,1,0,'Challenged'),
(64,'Spring 2026',3,3,2,2,1,2,2,2,2,2,2,2,1,1,2,1,1,1,1,2,2,1,1,1,1,0,'Challenged'),
(70,'Spring 2026',2,2,3,2,2,2,1,2,2,3,1,2,2,1,2,1,1,2,1,1,1,2,2,1,0,0,'Challenged'),
(77,'Spring 2026',3,2,2,3,2,1,2,2,2,2,2,1,2,2,1,1,1,1,2,2,1,1,2,1,1,0,'Challenged'),
(79,'Spring 2026',2,3,3,2,1,2,2,2,3,2,2,2,1,2,2,1,1,2,2,1,2,1,1,2,1,0,'Challenged'),
(48,'Spring 2026',4,3,4,4,0,1,1,0,3,4,3,3,2,3,3,2,2,3,3,3,3,2,3,3,2,1,'Critical'),
(52,'Spring 2026',4,4,3,4,0,0,1,1,4,3,3,3,3,2,3,2,3,2,3,3,3,2,2,3,2,1,'Critical'),
(54,'Spring 2026',3,4,4,3,1,0,1,0,4,4,3,2,3,3,2,3,2,3,2,3,3,3,2,3,2,1,'Critical'),
(56,'Spring 2026',4,3,4,4,0,1,0,1,3,4,2,3,3,3,3,2,3,3,3,2,3,2,3,2,2,2,'Critical'),
(60,'Spring 2026',3,4,3,4,1,0,1,1,4,3,3,3,2,3,3,3,2,2,3,3,2,3,3,3,2,1,'Critical'),
(61,'Spring 2026',4,4,4,3,0,0,1,0,3,4,3,2,3,3,2,2,3,3,3,3,3,2,2,3,3,1,'Critical'),
(65,'Spring 2026',3,3,4,4,1,1,0,0,4,3,3,3,3,2,3,2,2,3,2,2,3,3,3,2,2,1,'Critical'),
(71,'Spring 2026',4,3,3,4,0,1,1,0,4,4,2,3,3,3,3,3,2,3,3,3,2,2,3,3,2,2,'Critical'),
(76,'Spring 2026',4,4,4,3,0,0,0,1,3,4,3,3,2,3,2,3,3,2,3,3,3,3,2,3,3,1,'Critical'),
(80,'Spring 2026',3,4,4,4,1,0,0,0,4,3,3,2,3,3,3,2,3,3,3,2,3,2,3,3,2,2,'Critical'),
(73,'Spring 2026',4,3,3,4,0,1,1,0,3,4,3,2,3,2,3,2,2,3,3,2,3,2,2,3,2,1,'Critical');

INSERT INTO appointments (student_id, professional_id, status, scheduled_at) VALUES
    (48,21,'accepted','2026-03-20 10:00:00'),
    (52,21,'accepted','2026-03-20 13:00:00'),
    (54,22,'accepted','2026-03-21 09:00:00'),
    (56,23,'accepted','2026-03-22 14:00:00'),
    (34,24,'accepted','2026-03-19 10:30:00'),
    (38,25,'accepted','2026-03-20 15:00:00'),
    (42,26,'accepted','2026-03-21 11:30:00'),
    (44,27,'accepted','2026-03-22 09:30:00'),
    (60,21,'pending',NULL),
    (61,22,'pending',NULL),
    (36,23,'pending',NULL),
    (40,24,'pending',NULL),
    (45,25,'pending',NULL),
    (39,26,'declined',NULL),
    (46,27,'declined',NULL),
    (65,21,'completed','2026-02-15 10:00:00'),
    (71,22,'completed','2026-02-18 14:00:00'),
    (50,23,'completed','2026-02-20 09:00:00');

INSERT INTO events (title,date,time,venue,description,rsvp_count,created_by) VALUES
    ('Mental Health Awareness Workshop','2026-03-25','10:00:00','Auditorium A, Main Campus','An interactive workshop covering stress management techniques, mindfulness practices, and how to support peers facing mental health challenges.',12,11),
    ('Exam Stress Relief Session','2026-04-02','14:00:00','Student Lounge, Block C','Drop-in session with licensed counselors before the mid-term period. Learn breathing exercises, time management strategies, and quick relaxation techniques.',8,12),
    ('Talk: Understanding Anxiety','2026-04-10','11:00:00','Lecture Hall 3, Faculty of Arts','A seminar-style talk exploring the roots of academic anxiety, common triggers, and evidence-based coping strategies.',20,13),
    ('Mindfulness & Meditation Morning','2026-04-18','08:00:00','Rooftop Garden, Library Building','A guided 60-minute outdoor mindfulness session. No prior experience needed. Limited to 30 participants.',15,11),
    ('Peer Support Circle','2026-04-24','16:00:00','Room 204, Student Affairs Building','A safe, moderated peer support group facilitated by a trained mental health professional. Strictly confidential.',6,14),
    ('Depression Awareness Day — Panel','2026-05-01','13:00:00','Conference Hall, Administration Building','A university-wide panel discussion featuring mental health professionals and student representatives.',25,12),
    ('Resilience Building Workshop','2026-05-08','10:00:00','Training Room 1, Student Union','A hands-on two-hour workshop focusing on building emotional resilience through cognitive reframing and problem-solving.',9,15);

INSERT INTO event_rsvps (student_id,event_id) VALUES
    (31,1),(32,1),(33,1),(35,1),(37,1),(41,1),(43,1),(49,1),(57,1),(64,1),(69,1),(76,1),
    (34,2),(36,2),(38,2),(42,2),(44,2),(50,2),(58,2),(70,2),
    (31,3),(32,3),(33,3),(34,3),(35,3),(36,3),(37,3),(38,3),(39,3),(40,3),
    (41,3),(42,3),(43,3),(44,3),(45,3),(49,3),(50,3),(57,3),(64,3),(69,3),
    (31,4),(33,4),(35,4),(37,4),(41,4),(43,4),(49,4),(51,4),(53,4),(55,4),
    (57,4),(59,4),(64,4),(69,4),(77,4),
    (39,5),(45,5),(46,5),(53,5),(59,5),(71,5),
    (31,6),(32,6),(33,6),(34,6),(35,6),(36,6),(37,6),(38,6),(39,6),(40,6),
    (41,6),(42,6),(43,6),(44,6),(45,6),(46,6),(47,6),(48,6),(49,6),(50,6),
    (51,6),(57,6),(64,6),(69,6),(76,6),
    (33,7),(37,7),(41,7),(43,7),(51,7),(55,7),(59,7),(73,7),(79,7);